{
  "supabase/functions/send-daily-digest/index.ts": 1777069752.0587988,
  "supabase/functions/send-registration-email/index.ts": 1776624042.1351092,
  "assets/admin-auth.js": 1777030065.1654325,
  "assets/days.js": 1777074590.5002184,
  "assets/nav-search.js": 1777072909.9862025,
  "assets/content-renderer.js": 1777067156.5677276,
  "assets/board.js": 1777027971.577513,
  "assets/day-rail.js": 1777036029.3078148,
  "assets/dialog.js": 1776797832.952852,
  "assets/theme.js": 1776690690.686339,
  "assets/student-nav.js": 1777070373.943854,
  "assets/supabase.js": 1776515292.5764465,
  "assets/board-widget.js": 1777029816.3505034,
  "assets/pods.js": 1776800546.990041,
  "assets/polls-widget.js": 1776690927.2496963,
  "assets/admin-nav.js": 1777074876.0217135,
  "assets/faculty-tabs.js": 1777074285.9441042,
  "assets/student-drawer.js": 1776800976.1230576,
  "assets/admin-polls-tab.js": 1776806877.3796923,
  "assets/faculty/student-row.js": 1776797092.5775182,
  "assets/faculty/stream.js": 1777074168.808783,
  "assets/faculty/handbook-section.js": 1777072862.7602031,
  "assets/faculty/analytics-tab.js": 1777074592.8569996,
  "assets/faculty/handbook.js": 1777074184.8748755,
  "assets/faculty/signals.js": 1776783193.2156432,
  "assets/faculty/guide.js": 1777074381.479658,
  "assets/faculty/people-tab.js": 1776801989.318901,
  "assets/faculty/cohort.js": 1776797110.4923885,
  "assets/faculty/my-pod.js": 1776800045.093842,
  "assets/faculty/analytics.js": 1777074591.9403248,
  "assets/faculty/section-registry.js": 1777074280.663193,
  "assets/faculty/embedded-docs.js": 1777074278.8625617,
  "assets/faculty/assignments-review.js": 1777072771.1656973,
  "assets/faculty/training-tab.js": 1777036080.0240083,
  "assets/faculty/stuck-attendance.js": 1777074201.1653633,
  "assets/faculty/agenda-tab.js": 1776959487.0237317,
  "assets/faculty/chart-kit.js": 1776974830.4393823,
  "assets/faculty/faculty-actions.js": 1777074371.9877572,
  "RUNBOOK.md": 1776972599.8220212,
  "CLAUDE.md": 1777072906.6588418,
  "content/day-08.md": 1777067425.6898642,
  "content/day-18.md": 1777069235.1214936,
  "content/day-28.md": 1777069306.22642,
  "content/day-29.md": 1777070295.7246432,
  "content/day-09.md": 1777069306.2137825,
  "content/day-19.md": 1777067688.3716211,
  "content/day-02.md": 1777067420.552107,
  "content/day-26.md": 1777067462.6056874,
  "content/day-12.md": 1777067593.8143117,
  "content/day-06.md": 1777068865.5527663,
  "content/day-16.md": 1777067540.5986729,
  "content/day-22.md": 1777069631.3251133,
  "content/day-07.md": 1777069229.0276384,
  "content/day-17.md": 1777067584.3282657,
  "content/day-23.md": 1777069668.3401432,
  "content/day-03.md": 1777067472.5269668,
  "content/day-27.md": 1777069306.222963,
  "content/day-13.md": 1777067635.5140986,
  "content/day-30.md": 1777070296.589706,
  "content/day-04.md": 1777068865.5450785,
  "content/day-14.md": 1777073856.3465228,
  "content/day-20.md": 1777073877.824317,
  "content/day-24.md": 1777069306.2196486,
  "content/day-10.md": 1777069306.2166624,
  "content/day-01.md": 1777067259.6989963,
  "content/day-25.md": 1777067714.022862,
  "content/day-11.md": 1777067549.9970007,
  "content/day-05.md": 1777069246.7608395,
  "content/day-15.md": 1777073859.6474853,
  "content/day-21.md": 1777073863.230009,
  "docs/superpowers/plans/2026-04-21-03-faculty-landing-today-handbook.md": 1776782360.6879282,
  "docs/superpowers/plans/2026-04-21-05-analytics-and-student-mentor-card.md": 1776782501.3720255,
  "docs/superpowers/plans/2026-04-21-02-admin-pods-ui.md": 1776782289.7553406,
  "docs/superpowers/plans/2026-04-24-plan-1-role-foundations.md": 1777027323.7365167,
  "docs/superpowers/plans/2026-04-21-04-faculty-my-pod-cohort.md": 1776782437.9185293,
  "docs/superpowers/plans/2026-04-21-01-pods-migrations-rls.md": 1776782197.399088,
  "docs/superpowers/specs/2026-04-21-faculty-pods-design.md": 1776781489.2790933,
  "docs/superpowers/specs/2026-04-24-role-reorg-and-faculty-guides-design.md": 1777027332.4231231,
  "assets/og-default.svg": 1776690604.2193222,
  "assets/favicon.svg": 1776690600.6693532
}