{
  "web/next-env.d.ts": 1777258423.5547345,
  "web/proxy.ts": 1777257660.76426,
  "web/playwright.config.ts": 1777257660.7645714,
  "web/vitest.config.ts": 1777257660.7648387,
  "web/next.config.ts": 1777257660.7651298,
  "web/app/layout.tsx": 1777258415.9327712,
  "web/app/page.tsx": 1777257660.7659595,
  "web/app/auth/callback/route.ts": 1777257660.7732584,
  "web/app/denied/page.tsx": 1777286437.1689374,
  "web/app/start/page.tsx": 1777257660.7716105,
  "web/app/start/GoogleButton.tsx": 1777257660.7719622,
  "web/app/start/form.tsx": 1777286452.1223938,
  "web/app/start/sign-up/page.tsx": 1777257660.8115816,
  "web/app/start/sign-up/form.tsx": 1777286465.9589095,
  "web/app/start/claim/page.tsx": 1777257660.8125925,
  "web/app/start/claim/form.tsx": 1777286458.5873647,
  "web/app/(authed)/layout.tsx": 1777262464.1336908,
  "web/app/(authed)/faculty/loading.tsx": 1777257660.813473,
  "web/app/(authed)/faculty/page.tsx": 1777261367.3023612,
  "web/app/(authed)/faculty/pod/FacultySelfAssignPod.tsx": 1777286502.3737805,
  "web/app/(authed)/faculty/pod/PodMembers.tsx": 1777286517.980711,
  "web/app/(authed)/faculty/pod/page.tsx": 1777263485.2690017,
  "web/app/(authed)/faculty/schedule/page.tsx": 1777261134.1718578,
  "web/app/(authed)/faculty/student/[id]/PodNotesPanel.tsx": 1777260918.4160883,
  "web/app/(authed)/faculty/student/[id]/StudentActions.tsx": 1777257660.8632596,
  "web/app/(authed)/faculty/student/[id]/loading.tsx": 1777257660.863617,
  "web/app/(authed)/faculty/student/[id]/page.tsx": 1777260940.6245408,
  "web/app/(authed)/faculty/leaderboard/PodLeaderboardTable.tsx": 1777257660.838149,
  "web/app/(authed)/faculty/leaderboard/loading.tsx": 1777257660.83849,
  "web/app/(authed)/faculty/leaderboard/TeamLeaderboardTable.tsx": 1777257660.8389115,
  "web/app/(authed)/faculty/leaderboard/page.tsx": 1777257660.8392155,
  "web/app/(authed)/faculty/leaderboard/StudentLeaderboardTable.tsx": 1777257660.8397648,
  "web/app/(authed)/faculty/help-desk/FacultyTechRequestForm.tsx": 1777266245.907237,
  "web/app/(authed)/faculty/help-desk/HelpDeskScopeNotice.tsx": 1777262620.0295382,
  "web/app/(authed)/faculty/help-desk/loading.tsx": 1777257660.8401556,
  "web/app/(authed)/faculty/help-desk/HelpDeskActions.tsx": 1777266251.7046201,
  "web/app/(authed)/faculty/help-desk/HelpDeskQueue.tsx": 1777266268.0181918,
  "web/app/(authed)/faculty/help-desk/page.tsx": 1777266276.9325843,
  "web/app/(authed)/faculty/help-desk/history/page.tsx": 1777262621.203055,
  "web/app/(authed)/faculty/handbook/HandbookProgress.tsx": 1777266069.3855052,
  "web/app/(authed)/faculty/handbook/page.tsx": 1777266132.487175,
  "web/app/(authed)/faculty/handbook/HandbookView.tsx": 1777286498.9256463,
  "web/app/(authed)/faculty/cohort/PodBoard.tsx": 1777286505.6395934,
  "web/app/(authed)/faculty/cohort/page.tsx": 1777263271.3986852,
  "web/app/(authed)/faculty/day/[n]/page.tsx": 1777261131.6170003,
  "web/app/(authed)/pod/page.tsx": 1777257660.813868,
  "web/app/(authed)/settings/profile/ProfileForm.tsx": 1777257660.8453681,
  "web/app/(authed)/settings/profile/page.tsx": 1777257660.8457825,
  "web/app/(authed)/learn/loading.tsx": 1777257660.8142157,
  "web/app/(authed)/learn/page.tsx": 1777257660.8147476,
  "web/app/(authed)/certificate/page.tsx": 1777286346.761223,
  "web/app/(authed)/admin/loading.tsx": 1777257660.8155813,
  "web/app/(authed)/admin/page.tsx": 1777257660.816039,
  "web/app/(authed)/admin/schedule/CohortRowActions.tsx": 1777286474.0358622,
  "web/app/(authed)/admin/schedule/CreateCohortForm.tsx": 1777286480.4948761,
  "web/app/(authed)/admin/schedule/page.tsx": 1777257660.8471246,
  "web/app/(authed)/admin/schedule/[day]/ScheduleDayEditor.tsx": 1777257660.865261,
  "web/app/(authed)/admin/schedule/[day]/page.tsx": 1777257660.8656058,
  "web/app/(authed)/admin/grading/GradingClient.tsx": 1777257660.8479114,
  "web/app/(authed)/admin/grading/page.tsx": 1777257660.8488362,
  "web/app/(authed)/admin/roster/loading.tsx": 1777257660.8492546,
  "web/app/(authed)/admin/roster/RosterTable.tsx": 1777257660.8504403,
  "web/app/(authed)/admin/roster/page.tsx": 1777257660.8509555,
  "web/app/(authed)/admin/student/[id]/page.tsx": 1777257660.8659165,
  "web/app/(authed)/admin/polls/PollsClient.tsx": 1777257660.8514233,
  "web/app/(authed)/admin/polls/PollRow.tsx": 1777257660.8518493,
  "web/app/(authed)/admin/polls/page.tsx": 1777257660.8521798,
  "web/app/(authed)/admin/content/ContentForms.tsx": 1777257660.852831,
  "web/app/(authed)/admin/content/page.tsx": 1777257660.8532002,
  "web/app/(authed)/admin/content/quiz/[id]/QuestionsEditor.tsx": 1777257660.8677933,
  "web/app/(authed)/admin/content/quiz/[id]/page.tsx": 1777257660.8682237,
  "web/app/(authed)/admin/help-desk/HelpDeskQueueClient.tsx": 1777257660.8537126,
  "web/app/(authed)/admin/help-desk/page.tsx": 1777257660.8540957,
  "web/app/(authed)/admin/orgs/OrgsForms.tsx": 1777257660.8545594,
  "web/app/(authed)/admin/orgs/page.tsx": 1777257660.8550122,
  "web/app/(authed)/admin/cohorts/[cohortId]/layout.tsx": 1777257660.866205,
  "web/app/(authed)/admin/cohorts/[cohortId]/page.tsx": 1777257660.8666918,
  "web/app/(authed)/admin/cohorts/[cohortId]/schedule/page.tsx": 1777257660.8686678,
  "web/app/(authed)/admin/cohorts/[cohortId]/schedule/[day]/page.tsx": 1777257660.872499,
  "web/app/(authed)/admin/cohorts/[cohortId]/grading/page.tsx": 1777257660.8690906,
  "web/app/(authed)/admin/cohorts/[cohortId]/roster/RosterTabs.tsx": 1777257660.8695564,
  "web/app/(authed)/admin/cohorts/[cohortId]/roster/page.tsx": 1777257660.8700457,
  "web/app/(authed)/admin/cohorts/[cohortId]/polls/page.tsx": 1777257660.8703737,
  "web/app/(authed)/admin/cohorts/[cohortId]/content/page.tsx": 1777257660.87072,
  "web/app/(authed)/admin/cohorts/[cohortId]/content/quiz/[id]/page.tsx": 1777257660.8728468,
  "web/app/(authed)/admin/cohorts/[cohortId]/help-desk/page.tsx": 1777257660.8710315,
  "web/app/(authed)/admin/cohorts/[cohortId]/students/[id]/page.tsx": 1777257660.8721278,
  "web/app/(authed)/admin/cohorts/[cohortId]/pods/page.tsx": 1777257660.8712952,
  "web/app/(authed)/admin/cohorts/[cohortId]/milestones/page.tsx": 1777257660.8716662,
  "web/app/(authed)/admin/cohorts/[cohortId]/analytics/page.tsx": 1777286344.5893867,
  "web/app/(authed)/admin/milestones/page.tsx": 1777257660.8553638,
  "web/app/(authed)/admin/community/ModCommunityClient.tsx": 1777257660.8558228,
  "web/app/(authed)/admin/community/page.tsx": 1777257660.856133,
  "web/app/(authed)/admin/invites/CreateInviteForm.tsx": 1777286488.0740702,
  "web/app/(authed)/admin/invites/InviteRowActions.tsx": 1777286493.8905864,
  "web/app/(authed)/admin/invites/page.tsx": 1777257660.8576536,
  "web/app/(authed)/admin/analytics/page.tsx": 1777257660.857985,
  "web/app/(authed)/leaderboard/page.tsx": 1777261877.836382,
  "web/app/(authed)/help-desk/page.tsx": 1777257660.816974,
  "web/app/(authed)/dashboard/loading.tsx": 1777257660.817305,
  "web/app/(authed)/dashboard/page.tsx": 1777257660.817648,
  "web/app/(authed)/pods/page.tsx": 1777262627.8354535,
  "web/app/(authed)/pods/CreatePodForm.tsx": 1777286470.3353434,
  "web/app/(authed)/pods/[id]/PodOpsClient.tsx": 1777257660.8586688,
  "web/app/(authed)/pods/[id]/DeletePodButton.tsx": 1777286496.1308644,
  "web/app/(authed)/pods/[id]/page.tsx": 1777262518.9362292,
  "web/app/(authed)/people/KudosButton.tsx": 1777257660.818911,
  "web/app/(authed)/people/loading.tsx": 1777257660.8192294,
  "web/app/(authed)/people/page.tsx": 1777257660.8195825,
  "web/app/(authed)/teams/TeamsClient.tsx": 1777257660.8200228,
  "web/app/(authed)/teams/page.tsx": 1777257660.8204064,
  "web/app/(authed)/showcase/page.tsx": 1777257660.820785,
  "web/app/(authed)/day/[n]/loading.tsx": 1777257660.859984,
  "web/app/(authed)/day/[n]/page.tsx": 1777261131.155095,
  "web/app/(authed)/community/CommunityLive.tsx": 1777257660.8210983,
  "web/app/(authed)/community/CommunityVoteControls.tsx": 1777266416.6665485,