{
  "web/next-env.d.ts": 1777212689.9279685,
  "web/proxy.ts": 1777232941.3015895,
  "web/playwright.config.ts": 1777122426.9606204,
  "web/vitest.config.ts": 1777122424.5521371,
  "web/next.config.ts": 1777226822.3302157,
  "web/app/layout.tsx": 1777226640.9379036,
  "web/app/page.tsx": 1777220742.5992005,
  "web/app/auth/callback/route.ts": 1777234348.4035738,
  "web/app/denied/page.tsx": 1777123045.9632049,
  "web/app/start/page.tsx": 1777220670.7405775,
  "web/app/start/GoogleButton.tsx": 1777232303.2500596,
  "web/app/start/form.tsx": 1777232314.305461,
  "web/app/start/sign-up/page.tsx": 1777220685.8594007,
  "web/app/start/sign-up/form.tsx": 1777234337.6058414,
  "web/app/start/claim/page.tsx": 1777235669.0067263,
  "web/app/start/claim/form.tsx": 1777235675.6014419,
  "web/app/(authed)/layout.tsx": 1777123493.4634993,
  "web/app/(authed)/faculty/page.tsx": 1777247859.6795564,
  "web/app/(authed)/faculty/pod/page.tsx": 1777249288.6269817,
  "web/app/(authed)/faculty/student/[id]/page.tsx": 1777249289.3350587,
  "web/app/(authed)/faculty/leaderboard/page.tsx": 1777241927.1384559,
  "web/app/(authed)/faculty/stuck/page.tsx": 1777249281.8327687,
  "web/app/(authed)/faculty/stuck/StuckActions.tsx": 1777249298.1557705,
  "web/app/(authed)/faculty/handbook/HandbookProgress.tsx": 1777242618.0763254,
  "web/app/(authed)/faculty/handbook/page.tsx": 1777242624.0023353,
  "web/app/(authed)/faculty/cohort/PodBoard.tsx": 1777241833.8278365,
  "web/app/(authed)/faculty/cohort/page.tsx": 1777249282.3484547,
  "web/app/(authed)/faculty/review/page.tsx": 1777247865.681904,
  "web/app/(authed)/pod/page.tsx": 1777240885.5262976,
  "web/app/(authed)/settings/profile/ProfileForm.tsx": 1777212015.905489,
  "web/app/(authed)/settings/profile/page.tsx": 1777201693.5336607,
  "web/app/(authed)/learn/loading.tsx": 1777201818.9305096,
  "web/app/(authed)/learn/page.tsx": 1777249393.0720382,
  "web/app/(authed)/certificate/page.tsx": 1777143207.9114335,
  "web/app/(authed)/board/BoardLive.tsx": 1777143483.634281,
  "web/app/(authed)/board/loading.tsx": 1777201835.3039424,
  "web/app/(authed)/board/page.tsx": 1777246215.3305266,
  "web/app/(authed)/board/new/NewPostForm.tsx": 1777242703.966092,
  "web/app/(authed)/board/new/page.tsx": 1777242712.3369033,
  "web/app/(authed)/board/[id]/ReplyActions.tsx": 1777241790.439158,
  "web/app/(authed)/board/[id]/page.tsx": 1777242725.5980983,
  "web/app/(authed)/board/[id]/ReplyForm.tsx": 1777242719.9426756,
  "web/app/(authed)/admin/loading.tsx": 1777201828.063536,
  "web/app/(authed)/admin/page.tsx": 1777240940.6876237,
  "web/app/(authed)/admin/faculty/page.tsx": 1777240990.9279077,
  "web/app/(authed)/admin/schedule/CohortRowActions.tsx": 1777237479.2369294,
  "web/app/(authed)/admin/schedule/CreateCohortForm.tsx": 1777237071.7857683,
  "web/app/(authed)/admin/schedule/page.tsx": 1777237489.562282,
  "web/app/(authed)/admin/schedule/[day]/ScheduleDayEditor.tsx": 1777146409.5729,
  "web/app/(authed)/admin/schedule/[day]/page.tsx": 1777143273.0815728,
  "web/app/(authed)/admin/grading/GradingClient.tsx": 1777244602.8960621,
  "web/app/(authed)/admin/grading/page.tsx": 1777244573.680687,
  "web/app/(authed)/admin/board/ModBoardClient.tsx": 1777126027.0779634,
  "web/app/(authed)/admin/board/page.tsx": 1777126058.302606,
  "web/app/(authed)/admin/roster/loading.tsx": 1777201831.9687028,
  "web/app/(authed)/admin/roster/RosterTable.tsx": 1777201750.5872962,
  "web/app/(authed)/admin/roster/page.tsx": 1777238295.166238,
  "web/app/(authed)/admin/activity/page.tsx": 1777142986.713158,
  "web/app/(authed)/admin/student/[id]/page.tsx": 1777146474.3564315,
  "web/app/(authed)/admin/polls/PollsClient.tsx": 1777126008.982977,
  "web/app/(authed)/admin/polls/PollRow.tsx": 1777146584.0954602,
  "web/app/(authed)/admin/polls/page.tsx": 1777195637.167926,
  "web/app/(authed)/admin/content/ContentForms.tsx": 1777211887.3937252,
  "web/app/(authed)/admin/content/page.tsx": 1777201654.5261927,
  "web/app/(authed)/admin/content/quiz/[id]/QuestionsEditor.tsx": 1777211954.3809028,
  "web/app/(authed)/admin/content/quiz/[id]/page.tsx": 1777211849.9770093,
  "web/app/(authed)/admin/stuck/StuckQueueClient.tsx": 1777249297.301835,
  "web/app/(authed)/admin/stuck/page.tsx": 1777249280.419262,
  "web/app/(authed)/admin/orgs/OrgsForms.tsx": 1777201515.6935627,
  "web/app/(authed)/admin/orgs/page.tsx": 1777201523.5659046,
  "web/app/(authed)/admin/pods/page.tsx": 1777220925.1596856,
  "web/app/(authed)/admin/pods/[id]/page.tsx": 1777220932.9019964,
  "web/app/(authed)/admin/teams/page.tsx": 1777125987.8867362,
  "web/app/(authed)/admin/milestones/page.tsx": 1777142957.609262,
  "web/app/(authed)/admin/invites/CreateInviteForm.tsx": 1777237955.437282,
  "web/app/(authed)/admin/invites/InviteRowActions.tsx": 1777220821.641137,
  "web/app/(authed)/admin/invites/page.tsx": 1777238006.3662806,
  "web/app/(authed)/admin/analytics/page.tsx": 1777246409.3122437,
  "web/app/(authed)/help-desk/page.tsx": 1777249388.3855352,
  "web/app/(authed)/dashboard/loading.tsx": 1777234306.4274652,
  "web/app/(authed)/dashboard/page.tsx": 1777234302.8495402,
  "web/app/(authed)/pods/page.tsx": 1777240849.5235424,
  "web/app/(authed)/pods/CreatePodForm.tsx": 1777220899.9485765,
  "web/app/(authed)/pods/[id]/PodOpsClient.tsx": 1777240896.142312,
  "web/app/(authed)/pods/[id]/DeletePodButton.tsx": 1777220919.0382311,
  "web/app/(authed)/pods/[id]/page.tsx": 1777220947.141847,
  "web/app/(authed)/people/KudosButton.tsx": 1777195816.9079833,
  "web/app/(authed)/people/loading.tsx": 1777201823.6848397,
  "web/app/(authed)/people/page.tsx": 1777195827.910459,
  "web/app/(authed)/teams/TeamsClient.tsx": 1777143130.6043534,
  "web/app/(authed)/teams/page.tsx": 1777143149.8303733,
  "web/app/(authed)/showcase/page.tsx": 1777143172.5288112,
  "web/app/(authed)/day/[n]/loading.tsx": 1777201839.6738658,
  "web/app/(authed)/day/[n]/page.tsx": 1777195863.8666196,
  "web/app/(authed)/timeline/page.tsx": 1777125750.1639366,
  "web/app/api/search/route.ts": 1777201777.1349323,
  "web/app/sign-in/page.tsx": 1777220706.706107,
  "web/tests/format.test.ts": 1777122466.7360706,
  "web/tests/setup.ts": 1777122461.9284968,
  "web/tests/curriculum.test.ts": 1777123739.9267426,
  "web/tests/e2e/smoke.spec.ts": 1777211843.1662703,
  "web/tests/e2e/landing.spec.ts": 1777124453.7540047,
  "web/tests/e2e/public.spec.ts": 1777211835.6789238,
  "web/tests/e2e/personas/trainer.spec.ts": 1777248059.7114792,
  "web/tests/e2e/personas/student.spec.ts": 1777211859.22522,
  "web/tests/e2e/personas/admin.spec.ts": 1777220968.6877227,
  "web/tests/e2e/personas/faculty.spec.ts": 1777248056.5129457,
  "web/tests/e2e/personas/tech-support.spec.ts": 1777248062.6371167,
  "web/components/page-stub.tsx": 1777123498.2200902,
  "web/components/day-card/DayCard.tsx": 1777123621.369957,
  "web/components/ui/card.tsx": 1777123416.183487,
  "web/components/ui/badge.tsx": 1777123413.1453824,
  "web/components/ui/button.tsx": 1777123408.1747105,
  "web/components/ui/input.tsx": 1777123410.0353708,
  "web/components/ui/skeleton.tsx": 1777201814.0027905,
  "web/components/mention-editor/MentionEditor.tsx": 1777242697.7403486,
  "web/components/shell/Topbar.tsx": 1777242598.491835,
  "web/components/shell/UserMenu.tsx": 1777201718.1739461,
  "web/components/shell/NavSearch.tsx": 1777201796.292419,
  "web/components/shell/AppShell.tsx": 1777237274.0205479,
  "web/components/shell/MentionInbox.tsx": 1777242590.3450136,
  "web/components/shell/ThemeToggle.tsx": 1777123442.226202,
  "web/components/shell/PreviewAsSwitcher.tsx": 1777237291.4984598,
  "web/components/shell/Sidebar.tsx": 1777237545.2725594,
  "web/components/shell/CohortSwitcher.tsx": 1777234770.395097,
  "web/components/shell/CohortSwitcherClient.tsx": 1777234765.2214594,
  "web/components/markdown/MarkdownView.tsx": 1777123632.360144,
  "web/components/pod-card/PodCard.tsx": 1777240844.3992205,
  "web/components/charts/BarChart.tsx": 1777126096.162143,