{
  "web/next-env.d.ts": 1777258423.5547345,
  "web/proxy.ts": 1777257660.76426,
  "web/playwright.config.ts": 1777257660.7645714,
  "web/vitest.config.ts": 1777257660.7648387,
  "web/next.config.ts": 1777257660.7651298,
  "web/app/layout.tsx": 1777258415.9327712,
  "web/app/page.tsx": 1777412999.6701133,
  "web/app/auth/callback/route.ts": 1777365144.770097,
  "web/app/denied/page.tsx": 1777286437.1689374,
  "web/app/start/InviteCodeField.tsx": 1777447815.3246217,
  "web/app/start/page.tsx": 1777447790.866632,
  "web/app/start/GoogleButton.tsx": 1777257660.7719622,
  "web/app/start/form.tsx": 1777365177.7166493,
  "web/app/start/sign-up/page.tsx": 1777363362.572117,
  "web/app/start/sign-up/form.tsx": 1777447796.6013176,
  "web/app/start/claim/page.tsx": 1777363379.5465062,
  "web/app/start/claim/form.tsx": 1777369342.4518764,
  "web/app/(authed)/layout.tsx": 1777262464.1336908,
  "web/app/(authed)/faculty/loading.tsx": 1777257660.813473,
  "web/app/(authed)/faculty/page.tsx": 1777261367.3023612,
  "web/app/(authed)/faculty/pod/PodMembers.tsx": 1777315801.544699,
  "web/app/(authed)/faculty/pod/page.tsx": 1777374377.3232214,
  "web/app/(authed)/faculty/schedule/page.tsx": 1777374626.6046228,
  "web/app/(authed)/faculty/student/[id]/PodNotesPanel.tsx": 1777260918.4160883,
  "web/app/(authed)/faculty/student/[id]/StudentActions.tsx": 1777257660.8632596,
  "web/app/(authed)/faculty/student/[id]/loading.tsx": 1777257660.863617,
  "web/app/(authed)/faculty/student/[id]/page.tsx": 1777260940.6245408,
  "web/app/(authed)/faculty/leaderboard/PodLeaderboardTable.tsx": 1777257660.838149,
  "web/app/(authed)/faculty/leaderboard/loading.tsx": 1777257660.83849,
  "web/app/(authed)/faculty/leaderboard/TeamLeaderboardTable.tsx": 1777257660.8389115,
  "web/app/(authed)/faculty/leaderboard/page.tsx": 1777257660.8392155,
  "web/app/(authed)/faculty/leaderboard/StudentLeaderboardTable.tsx": 1777257660.8397648,
  "web/app/(authed)/faculty/help-desk/FacultyTechRequestForm.tsx": 1777266245.907237,
  "web/app/(authed)/faculty/help-desk/HelpDeskScopeNotice.tsx": 1777412977.2959373,
  "web/app/(authed)/faculty/help-desk/loading.tsx": 1777257660.8401556,
  "web/app/(authed)/faculty/help-desk/HelpDeskActions.tsx": 1777413011.5166218,
  "web/app/(authed)/faculty/help-desk/HelpDeskQueue.tsx": 1777266268.0181918,
  "web/app/(authed)/faculty/help-desk/page.tsx": 1777374387.3483508,
  "web/app/(authed)/faculty/help-desk/history/page.tsx": 1777262621.203055,
  "web/app/(authed)/faculty/handbook/HandbookProgress.tsx": 1777266069.3855052,
  "web/app/(authed)/faculty/handbook/page.tsx": 1777374403.7851543,
  "web/app/(authed)/faculty/handbook/HandbookView.tsx": 1777372741.0045924,
  "web/app/(authed)/faculty/cohort/PodBoard.tsx": 1777412954.985933,
  "web/app/(authed)/faculty/cohort/page.tsx": 1777374367.005531,
  "web/app/(authed)/faculty/day/[n]/page.tsx": 1777469847.475334,
  "web/app/(authed)/pod/page.tsx": 1777374640.2547038,
  "web/app/(authed)/settings/profile/ProfileForm.tsx": 1777257660.8453681,
  "web/app/(authed)/settings/profile/ChangeEmailForm.tsx": 1777369412.280911,
  "web/app/(authed)/settings/profile/page.tsx": 1777369402.7837007,
  "web/app/(authed)/learn/loading.tsx": 1777257660.8142157,
  "web/app/(authed)/learn/page.tsx": 1777374633.5050642,
  "web/app/(authed)/certificate/page.tsx": 1777286346.761223,
  "web/app/(authed)/admin/loading.tsx": 1777257660.8155813,
  "web/app/(authed)/admin/page.tsx": 1777374583.9781857,
  "web/app/(authed)/admin/schedule/CohortRowActions.tsx": 1777286474.0358622,
  "web/app/(authed)/admin/schedule/CreateCohortForm.tsx": 1777286480.4948761,
  "web/app/(authed)/admin/schedule/page.tsx": 1777257660.8471246,
  "web/app/(authed)/admin/schedule/[day]/ScheduleDayEditor.tsx": 1777257660.865261,
  "web/app/(authed)/admin/schedule/[day]/page.tsx": 1777257660.8656058,
  "web/app/(authed)/admin/grading/GradingClient.tsx": 1777469847.4748342,
  "web/app/(authed)/admin/grading/page.tsx": 1777257660.8488362,
  "web/app/(authed)/admin/roster/loading.tsx": 1777257660.8492546,
  "web/app/(authed)/admin/roster/RosterTable.tsx": 1777257660.8504403,
  "web/app/(authed)/admin/roster/page.tsx": 1777257660.8509555,
  "web/app/(authed)/admin/student/[id]/page.tsx": 1777257660.8659165,
  "web/app/(authed)/admin/polls/PollsClient.tsx": 1777257660.8514233,
  "web/app/(authed)/admin/polls/PollRow.tsx": 1777257660.8518493,
  "web/app/(authed)/admin/polls/page.tsx": 1777257660.8521798,
  "web/app/(authed)/admin/content/ContentForms.tsx": 1777469847.474532,
  "web/app/(authed)/admin/content/page.tsx": 1777257660.8532002,
  "web/app/(authed)/admin/content/quiz/[id]/QuestionsEditor.tsx": 1777257660.8677933,
  "web/app/(authed)/admin/content/quiz/[id]/page.tsx": 1777257660.8682237,
  "web/app/(authed)/admin/help-desk/HelpDeskQueueClient.tsx": 1777257660.8537126,
  "web/app/(authed)/admin/help-desk/page.tsx": 1777257660.8540957,
  "web/app/(authed)/admin/orgs/OrgsForms.tsx": 1777257660.8545594,
  "web/app/(authed)/admin/orgs/page.tsx": 1777374605.1526942,
  "web/app/(authed)/admin/cohorts/[cohortId]/layout.tsx": 1777257660.866205,
  "web/app/(authed)/admin/cohorts/[cohortId]/page.tsx": 1777257660.8666918,
  "web/app/(authed)/admin/cohorts/[cohortId]/schedule/page.tsx": 1777257660.8686678,
  "web/app/(authed)/admin/cohorts/[cohortId]/schedule/[day]/page.tsx": 1777257660.872499,
  "web/app/(authed)/admin/cohorts/[cohortId]/grading/page.tsx": 1777469963.188572,
  "web/app/(authed)/admin/cohorts/[cohortId]/roster/RosterTabs.tsx": 1777257660.8695564,
  "web/app/(authed)/admin/cohorts/[cohortId]/roster/page.tsx": 1777257660.8700457,
  "web/app/(authed)/admin/cohorts/[cohortId]/polls/page.tsx": 1777257660.8703737,
  "web/app/(authed)/admin/cohorts/[cohortId]/content/page.tsx": 1777257660.87072,
  "web/app/(authed)/admin/cohorts/[cohortId]/content/quiz/[id]/page.tsx": 1777257660.8728468,
  "web/app/(authed)/admin/cohorts/[cohortId]/capstones/page.tsx": 1777473758.0016758,
  "web/app/(authed)/admin/cohorts/[cohortId]/help-desk/page.tsx": 1777413021.8044026,
  "web/app/(authed)/admin/cohorts/[cohortId]/students/[id]/page.tsx": 1777257660.8721278,
  "web/app/(authed)/admin/cohorts/[cohortId]/pods/page.tsx": 1777257660.8712952,
  "web/app/(authed)/admin/cohorts/[cohortId]/milestones/page.tsx": 1777257660.8716662,
  "web/app/(authed)/admin/cohorts/[cohortId]/analytics/page.tsx": 1777286344.5893867,
  "web/app/(authed)/admin/handbook/page.tsx": 1777413039.5595775,
  "web/app/(authed)/admin/milestones/page.tsx": 1777257660.8553638,
  "web/app/(authed)/admin/community/ModCommunityClient.tsx": 1777257660.8558228,
  "web/app/(authed)/admin/community/page.tsx": 1777257660.856133,
  "web/app/(authed)/admin/invites/CreateInviteForm.tsx": 1777412921.5177808,
  "web/app/(authed)/admin/invites/InviteRowActions.tsx": 1777286493.8905864,
  "web/app/(authed)/admin/invites/page.tsx": 1777412928.9935496,
  "web/app/(authed)/admin/analytics/page.tsx": 1777257660.857985,
  "web/app/(authed)/leaderboard/page.tsx": 1777374658.5488145,
  "web/app/(authed)/help-desk/page.tsx": 1777374652.8150246,
  "web/app/(authed)/dashboard/loading.tsx": 1777257660.817305,
  "web/app/(authed)/dashboard/page.tsx": 1777257660.817648,
  "web/app/(authed)/handbook/page.tsx": 1777375060.4178371,
  "web/app/(authed)/capstone/CapstoneEditor.tsx": 1777473654.6198997,
  "web/app/(authed)/capstone/page.tsx": 1777470103.0751102,
  "web/app/(authed)/pods/page.tsx": 1777370254.490484,
  "web/app/(authed)/pods/CreatePodForm.tsx": 1777370264.3640306,
  "web/app/(authed)/pods/[id]/PodOpsClient.tsx": 1777257660.8586688,
  "web/app/(authed)/pods/[id]/DeletePodButton.tsx": 1777286496.1308644,
  "web/app/(authed)/pods/[id]/page.tsx": 1777262518.9362292,
  "web/app/(authed)/people/KudosButton.tsx": 1777257660.818911,
  "web/app/(authed)/people/loading.tsx": 1777257660.8192294,
  "web/app/(authed)/people/page.tsx": 1777257660.8195825,
  "web/app/(authed)/teams/TeamsClient.tsx": 1777257660.8200228,